purpose_as_filed,bucket,total,count
"CONSULTING - POLITICAL",Staff & Consultants,734900.68,163
"CONTRIBUTION TO CANDIDATE/COMMITTEE",Transfers & Contributions,408011.00,111
"OFFICE RENTAL-UTILITIES-CABLE/INTERNET SERVICES",Overhead, Events & Fees,406954.03,465
"SALARY-TAXES-FEES",Staff & Consultants,342159.23,258
"FUNDRAISING FOOD AND BEVERAGE",Overhead, Events & Fees,298789.24,108
"FUNDRAISING RENTAL (HALL/FURNITURE/TENTS)",Overhead, Events & Fees,246287.29,45
"CONTRIBUTIONS (POLITICAL I.E. TICKETS TO EVENTS)",Transfers & Contributions,161414.56,38
"FUNDRAISING CONSULTANT",Staff & Consultants,155883.98,27
"PAYROLL",Staff & Consultants,127526.97,7
"CONSULTING FEES",Staff & Consultants,108125.00,32
"PRINTING",Print & Signs,105726.60,19
"CONSULTING - POLITICAL - CONSUTLTING",Staff & Consultants,92000.00,1
"MEDIA - INTERNET",Digital,84373.90,105
"DIRECT MAIL (PRINTING AND POSTAGE)",Mail,81134.60,58
"SALARY-TAXES-FEES - PAYROLL",Staff & Consultants,79267.87,46
"RESEARCH AND POLLING",Staff & Consultants,77915.56,16
"CONSULTING - POLITICAL - CONSULTANT",Staff & Consultants,65200.00,4
"PROFESSIONAL SERVICES",Staff & Consultants,62119.72,16
"MEDIA - HANDOUTS/FLYERS/PALM CARDS",Print & Signs,59319.05,25
"FOOD AND BEVERAGE (STAFF)",Overhead, Events & Fees,54458.88,138
"FUNDRAISING FOOD AND BEVERAGE - VENUE FOR",Overhead, Events & Fees,51280.00,2
"(blank)",Other / Unspecified,50689.75,18
"PAYROLL TAXES",Staff & Consultants,49078.87,7
"COMPLIANCE/ LEGAL/ACCOUNTING",Staff & Consultants,41889.13,56
"EVENT ROOM, FOOD & BEVERAGE",Overhead, Events & Fees,41263.40,2
"FUNDRAISING ENTERTAINMENT",Overhead, Events & Fees,38362.18,30
"FIELD SERVICES",Staff & Consultants,35000.00,2
"CAMPAIGN CREDIT CARD - CREDIT CARD CHARGE",Overhead, Events & Fees,33003.81,6
"FUNDRAISING FOOD AND BEVERAGE - VENUE, FOOD",Overhead, Events & Fees,31162.54,5
"SALARY-TAXES-FEES - PAYROLL TAXES",Staff & Consultants,28989.40,32
"RENT, TAXES & INSURANCE",Overhead, Events & Fees,28869.30,7
"CONTRIBUTION",Transfers & Contributions,28800.00,2
"OFFICE SUPPLIES",Overhead, Events & Fees,28725.79,238
"PER ATTACHED SUB PAYEE LIST",Other / Unspecified,28444.33,6
"DIRECT MAIL (PRINTING AND POSTAGE) - MAILER",Mail,28314.42,2
"SERVICE CHARGE",Overhead, Events & Fees,27381.58,101
"ELECTION NIGHT EVENT",Overhead, Events & Fees,26736.93,13
"FUNDRAISING PRINTING-MAILING",Mail,25380.07,27
"SALARY-TAXES-FEES - NET WAGES",Staff & Consultants,25327.95,11
"MEDIA - CONSULTING",Staff & Consultants,25000.23,27
"CONTRIBUTIONS (CHARITABLE)",Transfers & Contributions,24289.96,36
"FUNDRAISING FOOD AND BEVERAGE - VENUE",Overhead, Events & Fees,23935.18,2
"EVENT FOOD & BEVERAGE",Overhead, Events & Fees,23816.28,7
"COMPLIANCE/ LEGAL/ACCOUNTING - COMPLIANCE",Staff & Consultants,21038.00,7
"MEDIA- PRODUCTION",TV & Radio,20659.64,5
"PO BOX-SUBSCRIPTIONS-DUES-MEMBERSHIPS",Overhead, Events & Fees,20543.52,102
"MEDIA - TELEMARKETING/ROBO CALLS",Digital,19831.82,32
"FUNDRAISING CONSULTANT - & COMPLIANCE",Staff & Consultants,19246.90,5
"SALARY-TAXES-FEES - ED",Staff & Consultants,18000.00,3
"CONTRIBUTIONS (POLITICAL, I.E. TICKETS TO EVENTS)",Transfers & Contributions,17725.00,20
"LOAN PAYMENT",Transfers & Contributions,17000.00,3
"SALARY-TAXES-FEES - TAX",Staff & Consultants,16220.37,6
"MEDIA - HANDOUTS/FLYERS/PALM CARDS - DOOR",Print & Signs,15114.10,1
"FOOD AND BEVERAGE (STAFF) - ACDC ANNUAL",Overhead, Events & Fees,14749.20,2
"FUNDRAISING RENTAL (HALL/FURNITURE/TENTS) - REORG MEETING",Overhead, Events & Fees,14562.00,1
"MEDIA- BILLBOARDS / LAWN SIGNS",Print & Signs,14552.45,15
"BANK CHARGES",Overhead, Events & Fees,14525.61,213
"SALARY-TAXES-FEES - PAYROLL TAX & WITHHOLDING",Staff & Consultants,14324.83,12
"CHARITY CONTRIBUTION",Transfers & Contributions,13450.00,10
"GOTV-POLLWORKERS-ELECTION DAY ACTIVITIES",Staff & Consultants,13262.90,44
"FOOD AND BEVERAGE (STAFF) - POLITICAL MEETING",Overhead, Events & Fees,12898.56,30
"OFFICE SUPPLIES - STAMPS",Overhead, Events & Fees,11624.34,6
"MEETING FOOD & BEVERAGE",Overhead, Events & Fees,11010.90,112
"MEDIA- MIXED",Print & Signs,10770.20,15
"COMPLIANCE/ LEGAL/ACCOUNTING - LEGAL FEES",Staff & Consultants,10160.50,3
"TRAVEL (AIR/TRAIN/CABS/FEES/MEETINGS/MILEAGE)",Overhead, Events & Fees,9856.78,52
"UTILITIES",Overhead, Events & Fees,9398.59,20
"CONSULTING - POLITICAL - ADMINISTRATIVE SERVICES",Staff & Consultants,9000.00,7
"FOOD AND BEVERAGE (STAFF) - EVENT EXPENSE - RENTAL",Overhead, Events & Fees,8480.24,1
"MEDIA - TELEMARKETING/ROBO CALLS - TEXT",Digital,8456.23,6
"MEDIA- BILLBOARDS / LAWN SIGNS - LAWN SIGNS",Print & Signs,8344.00,1
"CAMPAIGN CREDIT CARD",Overhead, Events & Fees,8034.90,19
"CONSULTING - POLITICAL - CONSULTING",Staff & Consultants,8000.00,3
"MEDIA - INTERNET - DIGITAL AD",Digital,7900.00,1
"FUNDRAISING RENTAL (HALL/FURNITURE/TENTS) - - SITE RENTAL/CATERING SERVICES",Overhead, Events & Fees,7658.27,2
"SERVICES",Staff & Consultants,7363.29,11
"FOOD AND BEVERAGE (STAFF) - MEETING EXPENSE",Overhead, Events & Fees,7267.50,38
"FUNDRAISING FOOD AND BEVERAGE - EVENT COST",Overhead, Events & Fees,7252.40,4
"OFFICE EQUIPMENT",Overhead, Events & Fees,7219.37,37
"SALARY-TAXES-FEES - EMPLOYEE HEALTH INSURANCE",Staff & Consultants,7189.98,6
"MEDIA- MIXED - VOTE BY MAILL CARDS PRINTING",Print & Signs,7055.87,1
"COMMITTEE MEETING FOOD AND BEVERAGE",Overhead, Events & Fees,6700.97,6
"FOOD AND BEVERAGE (STAFF) - EVENT SPACE",Overhead, Events & Fees,6677.92,1
"MEDIA- MIXED - PALMCARDS AND TEXTS",Print & Signs,6262.02,1
"MEDIA - NEWSPAPER",Print & Signs,6240.00,6
"RENEWAL SUMMIT",Overhead, Events & Fees,6029.44,2
"INSURANCE",Overhead, Events & Fees,5906.29,19
"COMPLIANCE/ LEGAL/ACCOUNTING - OBLIGATION PAYMENT",Staff & Consultants,5753.36,2
"FUNDRAISING FOOD AND BEVERAGE - CATERING",Overhead, Events & Fees,5702.07,2
"AS PER SUB-PAYEE LIST",Other / Unspecified,5504.59,1
"MEETING / MEAL",Overhead, Events & Fees,5253.50,5
"TELEPHONE-CELL PHONES",Overhead, Events & Fees,5183.79,35
"FOOD AND BEVERAGE (STAFF) - CONVENTION",Overhead, Events & Fees,5121.80,1
"PROPERTY TAX",Overhead, Events & Fees,5087.83,2
"EVENT DEPOSIT",Overhead, Events & Fees,5000.00,1
"MEDIA- MIXED - PHOTOS",Print & Signs,4798.13,1
"WEBSITE-COMPUTER CONSULTING",Digital,4658.73,64
"FUNDRAISER FOOD & BEVERAGE",Overhead, Events & Fees,4343.00,1
"NEWSPAPER",Print & Signs,4291.97,14
"OFFICE RENTAL-UTILITIES-CABLE/INTERNET SERVICES FOR OFFICE",Overhead, Events & Fees,4096.32,3
"PHONES",Overhead, Events & Fees,3994.31,1
"MCRC ATTENDANCE AT THE NJ GOP GALA",Overhead, Events & Fees,3750.00,1
"COMPLIANCE CONSULTANT",Staff & Consultants,3750.00,6
"CONTRIBUTION - POLITICAL",Transfers & Contributions,3700.00,1
"OFFICE RENTAL-UTILITIES-CABLE/INTERNET SERVICES FOR GENERAL ELECTION",Overhead, Events & Fees,3600.00,1
"CREDIT CARD MERCHANT FEES",Overhead, Events & Fees,3555.43,13
"CONSULTING - POLITICAL - CONSUTANT",Staff & Consultants,3500.00,1
"OFFICE CLEANING",Overhead, Events & Fees,3427.50,18
"FUNDRAISING PRINTING-MAILING - FUNDRAISING",Mail,3352.67,2
"MEDIA - INTERNET - PHOTOSHOOT AND UPDATING",Digital,3250.00,1
"EVENT ROOM",Overhead, Events & Fees,3245.00,1
"MEDIA - TELEMARKETING/ROBO CALLS - TEXTING",Digital,3235.35,2
"FOOD AND BEVERAGE (STAFF) - COMMITTEE",Overhead, Events & Fees,3087.05,1
"FUNDRAISING CONSULTANT - FUNDRAISING",Staff & Consultants,3075.00,3
"CANDIDATE DONATION",Transfers & Contributions,3000.00,4
"FOOD AND BEVERAGE (STAFF) - VENUE VICTORY CELEBRATION DEPOSIT",Overhead, Events & Fees,3000.00,1
"PHOTOGRAPHY SERVICES",Overhead, Events & Fees,2860.00,3
"MEDIA - HANDOUTS/FLYERS/PALM CARDS - DOORHANGERS",Print & Signs,2835.00,2
"DIRECT MAIL (PRINTING AND POSTAGE) - PRINTING",Mail,2803.18,4
"MEDIA SERVICES",Staff & Consultants,2800.00,2
"OFFICE RENTAL-UTILITIES-CABLE/INTERNET SERVICES FOR PRIMARY ELECTION - 3 DAYS",Overhead, Events & Fees,2700.00,1
"OFFICE RENTAL-UTILITIES-CABLE/INTERNET SERVICES - RENT",Overhead, Events & Fees,2625.00,4
"STIPEND",Staff & Consultants,2600.00,1
"SUPPLIES",Overhead, Events & Fees,2591.80,1
"EVENT TICKET",Overhead, Events & Fees,2505.30,6
"RENTAL (HALL/FURNITURE/TENTS)",Overhead, Events & Fees,2505.00,3
"COMPLIANCE/ LEGAL/ACCOUNTING - LEGAL",Staff & Consultants,2500.00,1
"INSURANCE POLICY",Overhead, Events & Fees,2461.00,1
"RESEARCH AND POLLING - 2 BACKGROUND CHECKS",Staff & Consultants,2458.88,1
"WEBSITE-COMPUTER CONSULTING - IT SOFTWARE AND",Digital,2426.09,1
"MEDIA- MIXED - PHOTOGRAPHER",Print & Signs,2350.00,2
"GOVERNANCE EVENT FOOD",Overhead, Events & Fees,2326.84,2
"WEBSITE-COMPUTER CONSULTING - DATABASE",Digital,2293.00,1
"WEBSITE-COMPUTER CONSULTING - EVENT EXPENSE",Digital,2293.00,1
"SALARY-TAXES-FEES - BUILDING TAXES",Staff & Consultants,2288.57,1
"SALARY-TAXES-FEES - BUILDING TAXES 2ND QUARTER",Staff & Consultants,2288.57,1
"MEDIA - TEXT MESSAGING",Digital,2260.95,4
"CONSULTING - POLITICAL - GENERAL CONSULTING",Staff & Consultants,2205.00,1
"CONSULTING-POLITICAL",Staff & Consultants,2200.00,1
"FUNDRAISING RENTAL (HALL/FURNITURE/TENTS) - 2026 EVENT",Overhead, Events & Fees,2180.00,1
"MEDIA - HANDOUTS/FLYERS/PALM CARDS - PENS",Print & Signs,2130.54,1
"FUNDRAISING RENTAL (HALL/FURNITURE/TENTS) - JULY",Overhead, Events & Fees,2120.00,1
"CONTRIBUTIONS (CHARITABLE) - CONTRIBUTION",Transfers & Contributions,2100.00,1
"FUNDRAISING ENTERTAINMENT - FUNDRAISING",Overhead, Events & Fees,2098.00,1
"FOOD AND BEVERAGE (STAFF) - VICTORY SWEARING IN",Overhead, Events & Fees,2075.00,1
"FUNDRAISING ENTERTAINMENT - TENT FOR FAIR",Overhead, Events & Fees,2040.00,1
"EVENT SECURITY",Overhead, Events & Fees,2019.00,2
"EVENT RENTALS",Overhead, Events & Fees,1976.05,1
"MEDIA - HANDOUTS/FLYERS/PALM CARDS - WALK",Print & Signs,1924.58,1
"MEDIA - HANDOUTS/FLYERS/PALM CARDS - LETTER",Print & Signs,1905.59,3
"EVENT SERVICES",Overhead, Events & Fees,1899.38,1
"PARADE CANDY",Overhead, Events & Fees,1845.24,8
"PO BOX-SUBSCRIPTIONS-DUES-MEMBERSHIPS - EMAIL AUTOMATION",Overhead, Events & Fees,1823.57,7
"OFFICE RENTAL-UTILITIES-CABLE/INTERNET SERVICES - INSURANCE",Overhead, Events & Fees,1800.00,2
"FOOD AND BEVERAGE (STAFF) - REORGANIZATION",Overhead, Events & Fees,1752.17,1
"EVENT SPONSORSHIP",Transfers & Contributions,1750.00,2
"BANK CHARGES - CREDIT CARD FEES",Overhead, Events & Fees,1749.36,9
"OFFICE SUPPLIES - OFFICE EXPENSE",Overhead, Events & Fees,1648.32,14
"CANDIDATE TRAVEL",Overhead, Events & Fees,1625.00,2
"EVENT SUPPLIES",Overhead, Events & Fees,1625.00,2
"OFFICE SUPPLIES - POLITICAL MEETING",Overhead, Events & Fees,1560.00,1
"SALARY-TAXES-FEES - PAYROLL PROCESSING",Staff & Consultants,1556.96,6
"MEDIA - INTERNET - DIGITAL MEDIA",Digital,1540.00,1
"WEBSITE-COMPUTER CONSULTING - INTERNET",Digital,1504.86,16
"MEDIA - INTERNET - PRIMARY ELECION SOCIAL MEDIA",Digital,1500.00,1
"MEDIA- MIXED - PARADE FLOAT",Print & Signs,1500.00,1
"COMPLIANCE/ LEGAL/ACCOUNTING - ACCOUNTING",Staff & Consultants,1449.00,1
"FOOD AND BEVERAGE (STAFF) - FOOD/BEVERAGE",Overhead, Events & Fees,1428.38,2
"PAYROLL FEES",Staff & Consultants,1402.37,13
"REIMBURSEMENT - COMMITTEE EXPENSES",Overhead, Events & Fees,1376.95,2
"DIRECT MAIL (PRINTING AND POSTAGE) - POSTAGE",Mail,1362.62,3
"TABLE NJFRW ANNUAL MEETING",Overhead, Events & Fees,1275.00,1
"GOLF EVENT TICKETS",Overhead, Events & Fees,1273.22,1
"MEDIA - HANDOUTS/FLYERS/PALM CARDS - PRINTING",Print & Signs,1258.56,1
"GOVERNANCE EVENT COST",Overhead, Events & Fees,1250.00,1
"FUNDRAISING RENTAL (HALL/FURNITURE/TENTS) - 1/15/26 HOLIDAY PARTY",Overhead, Events & Fees,1247.88,1
"RESEARCH AND POLLING - TEXT MESSAGES",Staff & Consultants,1246.34,2
"SALARY-TAXES-FEES - PAYROLL TAX EXPENSE",Staff & Consultants,1229.27,1
"FUNDRAISING ENTERTAINMENT - EVENT COST",Overhead, Events & Fees,1220.85,1
"MEDIA - CABLE TV",TV & Radio,1212.00,2
"MEDIA - NEWSPAPER - TABLE OF 10 AND AD",Print & Signs,1200.00,1
"MEDIA - INTERNET - DIGTAL AD GRAPHICS",Digital,1200.00,1
"FOOD AND BEVERAGE (STAFF) - OFFICE EXPENSE",Overhead, Events & Fees,1200.00,2
"OFFICE SUPPLIES - FIRE SAFETY SUPPLIES",Overhead, Events & Fees,1196.16,2
"FUNDRAISING PRINTING-MAILING - PRINTING",Mail,1194.20,1
"REIMBURSEMENT FOR BAGELS AND ELECTION BUDDY",Overhead, Events & Fees,1127.00,1
"OFFICE EQUIPMENT - COPIER RENTAL",Overhead, Events & Fees,1107.47,6
"SALARY-TAXES-FEES - PAYROLL PROCESSING FEE",Staff & Consultants,1082.34,21
"OFFICE RENTAL-UTILITIES-CABLE/INTERNET SERVICES FOR 2.28.26 ELECTION",Overhead, Events & Fees,1000.00,1
"PHOTOS/VIDES FOR RENEWAL SUMMIT",Overhead, Events & Fees,1000.00,1
"BALANCE OF RENTAL FEE FOR 6-30 EVENT",Overhead, Events & Fees,1000.00,1
"TELEPHONE-CELL PHONES - TELECOMM",Overhead, Events & Fees,960.09,4
"TEXT BLAST",Digital,932.84,2
"CLEANING",Overhead, Events & Fees,922.71,2
"WEBSITE-COMPUTER CONSULTING - IT SERVICES",Digital,900.00,1
"EVENT AV",Overhead, Events & Fees,900.00,1
"EVENT REGISTRATION",Overhead, Events & Fees,885.00,2
"E MAIL SERVICE",Digital,864.00,1
"SALARY-TAXES-FEES - SALARY JANUARY",Staff & Consultants,863.55,1
"SALARY-TAXES-FEES - SALARY FEBRUARY",Staff & Consultants,863.55,1
"SALARY-TAXES-FEES - SALARY MARCH",Staff & Consultants,863.55,1
"SALARY-TAXES-FEES - SALARY APRIL",Staff & Consultants,863.55,1
"SALARY-TAXES-FEES - SALARY MAY",Staff & Consultants,863.55,1
"SALARY-TAXES-FEES - SALARY JUNE",Staff & Consultants,863.55,1
"REIMBURSEMENT - ITEMIZED",Overhead, Events & Fees,850.42,7
"OFFICE RENTAL-UTILITIES-CABLE/INTERNET SERVICES - SITE RENTAL/DEPOSIT",Overhead, Events & Fees,832.00,1
"OFFICE RENTAL-UTILITIES-CABLE/INTERNET SERVICES - SITE RENTAL - DEPOSIT",Overhead, Events & Fees,832.00,1
"EVENT PRETZELS",Overhead, Events & Fees,828.00,3
"PO BOX-SUBSCRIPTIONS-DUES-MEMBERSHIPS - RENEWAL",Overhead, Events & Fees,820.46,2
"TEXTING",Digital,814.72,4
"MEDIA - INTERNET - WEBSITE",Digital,811.57,6
"FUNDRAISING FOOD AND BEVERAGE - EVENT EXPENSE",Overhead, Events & Fees,802.80,1
"FUNDRAISING RENTAL (HALL/FURNITURE/TENTS) - - SITE RENTAL - DEPOSIT",Overhead, Events & Fees,800.00,1
"FUNDRAISING PRINTING-MAILING - PRINTING FOR INVITES",Mail,794.36,1
"EVENT BEVERAGES",Overhead, Events & Fees,787.00,2
"OFFICE SUPPLIES - ENVELOPES",Overhead, Events & Fees,762.37,1
"OFFICE EQUIPMENT - COPIER",Overhead, Events & Fees,761.80,4
"OFFICE SUPPLIES - COURIER",Overhead, Events & Fees,753.69,9
"FUNDRAISING FOOD AND BEVERAGE - SCRO PICNIC 5/3",Overhead, Events & Fees,750.00,1
"MEDIA- PRODUCTION - PRINTING AND MAILING",TV & Radio,749.04,1
"MEDIA - RADIO",TV & Radio,720.00,1
"REIMBURSEMENT - EVENT SERVICES",Overhead, Events & Fees,713.79,1
"EVENT TICKETS",Overhead, Events & Fees,710.40,1
"TELEPHONE-CELL PHONES - CELL PHONE",Overhead, Events & Fees,707.00,3
"FUNDRAISING CONSULTANT - SERVICE FEE",Staff & Consultants,705.00,3
"OFFICE SUPPLIES - POSTAGE",Overhead, Events & Fees,702.00,2
"HALL RENTAL",Overhead, Events & Fees,700.00,2
"FUNDRAISING ENTERTAINMENT - PHOTOGRAPHER FOR",Overhead, Events & Fees,700.00,2
"EVENT FOOD",Overhead, Events & Fees,695.05,2
"WEBSITE-COMPUTER CONSULTING - WEBSITE & EVENT",Digital,693.83,1
"DIRECT MAIL (PRINTING AND POSTAGE) - DIRECT MAIL",Mail,691.98,1
"FOOD AND BEVERAGE (STAFF) - REIMBURSEMENT FOR",Overhead, Events & Fees,689.00,1
"RESEARCH AND POLLING - POLTICAL CONS",Staff & Consultants,675.66,2
"TELEPHONE-CELL PHONES - CELL PHONES",Overhead, Events & Fees,675.44,3
"BANK CHARGES - PROCESSING FEE",Overhead, Events & Fees,643.02,18
"SALARY-TAXES-FEES - CREDIT CARD PROCESSING FEE",Staff & Consultants,640.90,13
"OFFICE SUPPLIES - PRINTING SERVICES",Overhead, Events & Fees,634.42,1
"MEDIA - CONSULTING - PHOTOS",Staff & Consultants,600.00,1
"OFFICE SUPPLIES - INK",Overhead, Events & Fees,579.55,2
"CAMPAIGN CREDIT CARD - ANEDOT FEES",Overhead, Events & Fees,574.98,24
"MEDIA- BILLBOARDS / LAWN SIGNS - SIGNS",Print & Signs,572.07,1
"COMPLIANCE/ LEGAL/ACCOUNTING - ANNUAL REPORTS",Staff & Consultants,563.00,1
"SALARY-TAXES-FEES - PROCESSING FEE",Staff & Consultants,558.00,6
"OFFICE RENTAL-UTILITIES-CABLE/INTERNET SERVICES INTERNET",Overhead, Events & Fees,552.94,1
"FUNDRAISING RENTAL (HALL/FURNITURE/TENTS) - HALL",Overhead, Events & Fees,550.00,1
"FOOD AND BEVERAGE (STAFF) - VOLUNTEER COSTS",Overhead, Events & Fees,549.48,4
"COMPLIANCE/ LEGAL/ACCOUNTING - MARCH MILEAGE",Staff & Consultants,545.68,1
"TRAVEL REIMBURSEMENT",Overhead, Events & Fees,538.92,2
"SALARY-TAXES-FEES - INSURANCE",Staff & Consultants,536.00,1
"FUNDRAISING CONSULTANT - MEDIA - 2026 SUMMIT",Staff & Consultants,530.99,1
"GOVERNANCE EVENT VENUE COST",Overhead, Events & Fees,515.00,1
"MEDIA - TELEMARKETING/ROBO CALLS - OBLIGATION",Digital,511.06,1
"FUNDRAISING RENTAL (HALL/FURNITURE/TENTS) - MEETING ON 6/18",Overhead, Events & Fees,500.00,1
"MEMBERSHIP/SPONSORSHIP",Transfers & Contributions,500.00,1
"DONATION",Transfers & Contributions,500.00,1
"FUNDRAISING FOOD AND BEVERAGE - EVENT DEPOSIT",Overhead, Events & Fees,500.00,1
"MCRC 250 ANNIVERSARY DANCE - HALL DEPOSIT",Overhead, Events & Fees,500.00,1
"REIMBURSEMENT FOR FACEBOOK AD PAYMENTS",Digital,500.00,1
"COMMITTEE SERVICES",Staff & Consultants,500.00,1
"DEPOSIT FOR 6-30 REORG MEETING",Overhead, Events & Fees,500.00,1
"FUNDRAISING ENTERTAINMENT - EVENT",Overhead, Events & Fees,500.00,1
"FOOD AND BEVERAGE (STAFF) - DEPOSIT FOR MEETING",Overhead, Events & Fees,500.00,1
"FUNDRAISING ENTERTAINMENT - MUSIC FOR",Overhead, Events & Fees,500.00,1
"COMPLIANCE/ LEGAL/ACCOUNTING - APRIL",Staff & Consultants,500.00,1
"MEDIA - TELEMARKETING/ROBO CALLS - TEXTS",Digital,483.00,1
"OFFICE SUPPLIES - POSTAGE STAMPS AND POST CARD",Overhead, Events & Fees,478.00,1
"NIGHT OF THE RE-ORG",Overhead, Events & Fees,460.00,1
"PRINTING - CANDIDATE TRAINING",Print & Signs,456.16,1
"SALARY-TAXES-FEES - FEE CHARGES JANUARY",Staff & Consultants,453.70,1
"MEDIA- MIXED - PENS",Print & Signs,452.03,1
"FOOD AND BEVERAGE (STAFF) - MEETING / MEAL",Overhead, Events & Fees,451.27,3
"FUNDRAISING - TABLESCAPES, PRIZES",Overhead, Events & Fees,442.51,1
"FUNDRAISING CONSULTANT - TRAINWRECK EVENT",Staff & Consultants,441.92,1
"SALARY-TAXES-FEES - SERVICE FEES",Staff & Consultants,429.96,1
"MEDIA - INTERNET - SOCIAL MEDIA",Digital,419.05,3
"OFFICE SUPPLIES - STAMPS, CERTIFICATE HOLDERS",Overhead, Events & Fees,418.01,1
"LETTERS",Print & Signs,413.39,1
"MEDIA - HANDOUTS/FLYERS/PALM CARDS - LETTERS",Print & Signs,413.38,1
"BANK CHARGES - MERCHANT SERVICE FEES",Overhead, Events & Fees,412.55,7
"FUNDRAISING RENTAL (HALL/FURNITURE/TENTS) - SPACE FOR CANDIDATES",Overhead, Events & Fees,400.00,1
"CHANGE FOR COMMITTEE PICNIC",Overhead, Events & Fees,400.00,1
"FUNDRAISING ENTERTAINMENT - PHOTOGRAPHER",Overhead, Events & Fees,400.00,1
"DIRECT MAIL (PRINTING AND POSTAGE) - MEDIA - EXPENSES",Mail,392.04,1
"IT CONSULTING SERVICES AND DOMAIN HOST",Digital,390.00,1
"MEDIA- MIXED - FAIR BOOTH",Print & Signs,390.00,1
"FUNDRAISING RENTAL (HALL/FURNITURE/TENTS) - Q1",Overhead, Events & Fees,390.00,1
"ALARM FEE",Overhead, Events & Fees,386.70,6
"OFFICE EQUIPMENT - OFFICE/ PLUMBER / REPAIR",Overhead, Events & Fees,385.00,1
"FUNDRAISING PRINTING-MAILING - POSTCARD MAILING",Mail,384.91,1
"SALARY-TAXES-FEES - FEE CHARGE FEBRUARY",Staff & Consultants,383.15,1
"RESEARCH AND POLLING - DATA",Staff & Consultants,378.59,1
"BUSSES FOR THE RE-ORG MEETING",Overhead, Events & Fees,375.00,1
"COMMITTEE CONVENTION",Overhead, Events & Fees,375.00,1
"OFFICE SUPPLIES - POSTAL PERMIT",Overhead, Events & Fees,370.00,1
"BANK CHARGES - BANK FEE",Overhead, Events & Fees,361.09,9
"CONTRIBUTIONS (CHARITABLE) - DONATION / EVENT",Transfers & Contributions,350.00,1
"ELECTION NIGHT EVENT - CHAIRS FOR CCGOP",Overhead, Events & Fees,350.00,1
"OFFICE SUPPLIES - EVENT EXPENSE - SUPPLIES",Overhead, Events & Fees,342.76,2
"FOOD AND BEVERAGE (STAFF) - SCREENING",Overhead, Events & Fees,341.69,1
"FUNDRAISING FOOD AND BEVERAGE - COMMITTEE",Overhead, Events & Fees,332.04,2
"PO BOX-SUBSCRIPTIONS-DUES-MEMBERSHIPS - FEE",Overhead, Events & Fees,330.50,1
"CLEANING SERVICES",Overhead, Events & Fees,319.89,3
"FUNDRAISING ENTERTAINMENT - AWARDS",Overhead, Events & Fees,319.88,1
"REIMBURSEMENT - ROOM FEE",Overhead, Events & Fees,309.86,1
"TEXT MESSAGING PLATFORM",Digital,309.29,6
"MEDIA - FACEBOOK ADS",Digital,309.04,1
"OFFICE SUPPLIES - POSTAGE FOR POST CARDS CC",Overhead, Events & Fees,305.00,1
"IN MEMORIAM/ CONDOLENCES DONATION",Transfers & Contributions,300.00,3
"FUNDRAISING ENTERTAINMENT - FUNDRASER /PHOTO",Overhead, Events & Fees,300.00,1
"OFFICE RENTAL-UTILITIES-CABLE/INTERNET SERVICES FOR COUNTY COMMITTEE MEETING",Overhead, Events & Fees,300.00,1
"MEDIA- MIXED - CAMPAIGN PHOTOS",Print & Signs,300.00,1
"FUNDRAISING RENTAL (HALL/FURNITURE/TENTS) - FUNDRAISER",Overhead, Events & Fees,300.00,1
"BANK CHARGES - BANK FEES",Overhead, Events & Fees,297.40,9
"FOOD AND BEVERAGE (STAFF) - ELECTION NIGHT",Overhead, Events & Fees,289.54,2
"TELEPHONE-CELL PHONES - PHONES",Overhead, Events & Fees,284.80,1
"FOOD AND BEVERAGE (STAFF) - CAMPAIGN MEETING / FOR MEETING",Overhead, Events & Fees,283.80,1
"OFFICE SUPPLIES - COPIER",Overhead, Events & Fees,279.38,3
"FOOD AND BEVERAGE (STAFF) - CANDIDATE TRAINING",Overhead, Events & Fees,276.52,1
"PRINTING NAME TAGS/TABLE SIGNS (PRINTWORX) AND (HOBBY LOBBY) - SUMMIT",Print & Signs,276.05,1
"CANCELED PRETZEL ORDER - REFUNDED NEXT",Overhead, Events & Fees,272.00,1
"SALARY-TAXES-FEES - INSURANCE FEES WORKERS",Staff & Consultants,267.00,1
"SALARY-TAXES-FEES - TAX PREP",Staff & Consultants,262.84,1
"MEDIA - INTERNET - GOOGLE WORKSPACE",Digital,252.00,6
"FUNDRAISING FOOD AND BEVERAGE - SPORTSMAN",Overhead, Events & Fees,250.00,1
"MEDIA- MIXED - PARADE MAGNETS",Print & Signs,248.50,1
"COMPLIANCE/ LEGAL/ACCOUNTING - ANNUAL REPORT",Staff & Consultants,243.50,4
"SNOW REMOVAL",Overhead, Events & Fees,237.00,1
"DIRECT MAIL (PRINTING AND POSTAGE) - POSTCARDS MEMBERS OF REORG",Mail,235.04,1
"SUNSHINE - FLOWERS FOR TRIBUTE",Overhead, Events & Fees,234.58,1
"PARADE CANDY AND BINS REIMBURSEMENT",Overhead, Events & Fees,230.47,1
"MEDIA - TELEMARKETING/ROBO CALLS - TEXT MESSAGE",Digital,225.68,1
"OFFICE SUPPLIES - ACDC CONVENTION",Overhead, Events & Fees,225.00,1
"WEBSITE SERVICES",Digital,224.31,4
"COMPLIANCE/ LEGAL/ACCOUNTING - EVENT",Staff & Consultants,217.10,1
"COMPLIANCE/ LEGAL/ACCOUNTING - ALTERNATE",Staff & Consultants,213.50,1
"OFFICE SUPPLIES - REIMBURSEMENT FOR FOOD FOR BALLOONS FOR FUNDRAISER",Overhead, Events & Fees,212.26,1
"OFFICE SUPPLIES - PRINTER INK & SYMPATHY",Overhead, Events & Fees,212.10,1
"IN MEMORIAM DONATION",Transfers & Contributions,208.18,2
"OFFICE SUPPLIES - REIMBURSEMENT SYMPATHY",Overhead, Events & Fees,206.72,2
"MEDIA - WEBSITE BUILDER",Digital,203.88,1
"CAMPAIGN CREDIT CARD - MEETING EXPENSE",Overhead, Events & Fees,202.43,1
"FOOD PERMIT FEE",Overhead, Events & Fees,200.00,1
"PO BOX-SUBSCRIPTIONS-DUES-MEMBERSHIPS - FEES / OFFICE",Overhead, Events & Fees,195.00,1
"BUSINESS CHECKS",Overhead, Events & Fees,194.67,1
"BANK CHARGES - POS FEES",Overhead, Events & Fees,185.70,1
"PURCHASE E-Z UP TENT FOR MCRC COMMITTE EVENTS",Overhead, Events & Fees,181.56,1
"MEDIA - CONFERENCE CALLS",Digital,181.16,1
"FUNDRAISING RENTAL (HALL/FURNITURE/TENTS) - FOR",Overhead, Events & Fees,180.00,1
"PO BOX-SUBSCRIPTIONS-DUES-MEMBERSHIPS - DUES FOR SCHOLARSHIP",Overhead, Events & Fees,180.00,1
"OFFICE SUPPLIES - PRINTING AND BINDING DOCUMENT",Overhead, Events & Fees,176.46,1
"OFFICE RENTAL-UTILITIES-CABLE/INTERNET SERVICES FOR MEETING",Overhead, Events & Fees,175.00,1
"CONVENTION SPACE MEETING RENTAL",Overhead, Events & Fees,175.00,1
"FUNDRAISING RENTAL (HALL/FURNITURE/TENTS) - SITE",Overhead, Events & Fees,172.50,1
"CAMPAIGN CREDIT CARD - CC FEES",Overhead, Events & Fees,167.91,8
"OFFICE SUPPLIES - REIMBURSEMENT FOR AMAZON FOR CONVENTION",Overhead, Events & Fees,163.96,1
"BUSINESS CARDS",Print & Signs,159.94,1
"PARTY BANNER",Print & Signs,159.94,1
"FUNDRAISING PRINTING-MAILING - PRINTING FLYERS",Mail,159.44,1
"COMPLIANCE/ LEGAL/ACCOUNTING - SLOGAN",Staff & Consultants,157.00,2
"POSTAGE",Mail,156.00,1
"REIMBURSEMENT - POSTAGE",Overhead, Events & Fees,156.00,1
"DOMAIN RENEWALS",Digital,153.35,1
"CONTRIBUTIONS (CHARITABLE) - AD",Transfers & Contributions,150.00,1
"OFFICE RENTAL-UTILITIES-CABLE/INTERNET SERVICES OFFICE",Overhead, Events & Fees,150.00,1
"SALARY-TAXES-FEES - FEE",Staff & Consultants,150.00,1
"OFFICE SUPPLIES - PLAQUE FOR PERSON",Overhead, Events & Fees,149.99,1
"WATER",Overhead, Events & Fees,144.54,2
"REIMBURSEMENT - MILEAGE",Overhead, Events & Fees,140.03,1
"CONTRIBUTIONS (CHARITABLE) - TICKETS",Transfers & Contributions,140.00,1
"FUNDRAISING FOOD AND BEVERAGE - FOR DUNKIN, STAPLES, AND JOE CANALS",Overhead, Events & Fees,139.23,1
"BANK CHARGES - ORDERED CHECKS FOR CHECKING",Overhead, Events & Fees,136.81,1
"PETTY CASH - ITEMIZED BELOW",Overhead, Events & Fees,134.00,1
"MEDIA - INTERNET - SOCIAL MEDIA ADS",Digital,133.07,1
"FUNDRAISING FOOD AND BEVERAGE - MEETING",Overhead, Events & Fees,132.31,1
"GOTV - PRINTING",Staff & Consultants,131.16,1
"BANK CHARGES - PAYPAL FEES",Overhead, Events & Fees,126.53,1
"SPONSORSHIP",Transfers & Contributions,125.00,1
"CHANGE FOR RENEWAL SUMMIT",Overhead, Events & Fees,125.00,1
"MEDIA - HANDOUTS/FLYERS/PALM CARDS - FAIR BOOK",Print & Signs,125.00,1
"MEDIA- BILLBOARDS / LAWN SIGNS - ADVERTISING",Print & Signs,125.00,1
"COMPLIANCE/ LEGAL/ACCOUNTING - TAX FILING",Staff & Consultants,124.18,1
"FOOD AND BEVERAGE (STAFF) - CAMPAIGN MEETING",Overhead, Events & Fees,119.31,1
"CONDOLENCE FLOWERS",Transfers & Contributions,118.62,1
"OFFICE SUPPLIES - REIMBURSEMENT POSTAGE",Overhead, Events & Fees,117.75,3
"INSURANCE GENERAL LIABILITY",Overhead, Events & Fees,117.00,1
"SALARY-TAXES-FEES - FEE CHARGE MARCH",Staff & Consultants,113.41,1
"TICKETS",Overhead, Events & Fees,110.00,1
"BANK CHARGES - BANK CHARGES JAN, FEB, MAR",Overhead, Events & Fees,110.00,1
"MEDIA - HANDOUTS/FLYERS/PALM CARDS - EVENT AD",Print & Signs,110.00,1
"OFFICE SUPPLIES - POST CARDS FOR CC MEETING",Overhead, Events & Fees,103.38,1
"FUNDRAISING FOOD AND BEVERAGE - BREAKFAST BOB",Overhead, Events & Fees,100.00,1
"SPONSOR/AD",Transfers & Contributions,100.00,1
"DEPOSIT TO VFW FOR GOP COMMITTEE MTG/PICNIC",Overhead, Events & Fees,100.00,1
"OFFICE RENTAL-UTILITIES-CABLE/INTERNET SERVICES FOR HALL RENTAL PRIMARY ELECTION",Overhead, Events & Fees,100.00,1
"FUNDRAISING RENTAL (HALL/FURNITURE/TENTS) - SPACE",Overhead, Events & Fees,100.00,1
"EMAIL REGISTRATION",Digital,99.98,1
"GOVERNING COSTS",Overhead, Events & Fees,99.00,1
"BARTENDER FEE FOR 6-30 EVENT",Overhead, Events & Fees,97.60,1
"ONLINE SOFTWARE",Digital,89.94,6
"IN MEMORIAM/ CONDOLENCES",Transfers & Contributions,85.29,1
"COMPLIANCE/ LEGAL/ACCOUNTING - INSURANCE",Staff & Consultants,85.00,1
"REPLENISH PETTY CASH FUND",Overhead, Events & Fees,81.80,1
"MEDIA- BILLBOARDS / LAWN SIGNS - SIGN",Print & Signs,80.56,1
"DIRECT MAIL (PRINTING AND POSTAGE) - COURIER",Mail,78.72,2
"CHARGEBACK FOR INSUFFICIENT FUNDS - NJPHIPAC",Overhead, Events & Fees,75.00,1
"OFFICE SUPPLIES - PC GAVEL",Overhead, Events & Fees,74.64,1
"PRINTING CONVENTION BALLOTS",Print & Signs,71.55,1
"FUNDRAISING PRINTING-MAILING - BANNERS",Mail,65.94,1
"PETTY CASH",Overhead, Events & Fees,63.96,1
"WIRE TRANSFER FEE",Overhead, Events & Fees,60.00,3
"FUNDRAISING FOOD AND BEVERAGE - VOLUNTEER",Overhead, Events & Fees,59.20,1
"OFFICE EQUIPMENT - FIRE EXTINGISHER",Overhead, Events & Fees,53.58,1
"ANTIVIRUS SOFTWARE",Digital,53.30,1
"CHECK ORDER",Overhead, Events & Fees,52.46,1
"MEDIA - INTERNET - WEBSITE DOMAIN",Digital,51.74,1
"NAME TAGS",Print & Signs,51.11,1
"REGISTRATION FEE",Overhead, Events & Fees,50.00,1
"OFFICE SUPPLIES - REIMBURSEMENT FED EX POSTAGE",Overhead, Events & Fees,49.95,1
"NOTARY SUPPLIES",Overhead, Events & Fees,48.81,1
"ENTERTAINMENT",Overhead, Events & Fees,46.10,1
"FOOD AND BEVERAGE (STAFF) - WATER AND PAPER",Overhead, Events & Fees,45.57,1
"NOTARY RENEWAL",Overhead, Events & Fees,45.00,2
"MEDIA - EMAIL MESSAGES",Digital,45.00,1
"POSTAGE FOR MAILING RENEWAL SUMMIT",Mail,44.10,1
"FOOD AND BEVERAGE (STAFF) - DEPOSIT FOR 6-30",Overhead, Events & Fees,42.68,1
"WINRED FEES - GREG MELE",Overhead, Events & Fees,41.02,1
"WINRED FEES - BARRY GREENSTEIN",Overhead, Events & Fees,41.02,1
"OFFICE SUPPLIES - REIMBURSEMENT / POSTAGE",Overhead, Events & Fees,38.17,1
"SALARY-TAXES-FEES - FEES FOR MAY",Staff & Consultants,37.23,1
"MUSIC FESTVIAL REGISTRATION FEE",Overhead, Events & Fees,37.00,1
"VIDEO CONFERENCE PLATFORM",Digital,36.24,2
"MEETING BEVERAGES",Overhead, Events & Fees,35.68,4
"TENT WEIGHTS",Overhead, Events & Fees,35.19,1
"STOP PAYMENT FEE",Overhead, Events & Fees,35.00,1
"WINRED FEES - BETH SCHEUERLEIN",Overhead, Events & Fees,33.83,2
"PO BOX-SUBSCRIPTIONS-DUES-MEMBERSHIPS - FILING",Overhead, Events & Fees,30.50,1
"MEDIA - INTERNET - WEB HOUSING PACKAGE",Digital,29.95,1
"OFFICE SUPPLIES - MAILING POSTAGE",Overhead, Events & Fees,27.59,2
"MEETING FOOD & BEVERAGES",Overhead, Events & Fees,26.16,1
"OFFICE SUPPLIES - PAPER AND MAILER FOR NJ ELEC",Overhead, Events & Fees,25.04,1
"OFFICE SUPPLIES - FLAGS OF FREEDOM",Overhead, Events & Fees,25.00,1
"ROOM RENTAL",Overhead, Events & Fees,25.00,1
"SUBSCRIPTION",Overhead, Events & Fees,24.95,5
"WEBSITE-COMPUTER CONSULTING - SUBSCRIPTION",Digital,24.00,3
"DIRECT MAIL (PRINTING AND POSTAGE) - NJ ELEC",Mail,22.35,1
"RESEARCH AND POLLING - POLITICAL CONS",Staff & Consultants,21.50,1
"ONLINE VIDEO CONFERENCE",Digital,18.12,1
"ONLINE STORAGE",Digital,17.94,6
"WINRED FEES - JACK BRAGAN",Overhead, Events & Fees,16.76,3
"WINRED FEES - CHRISTOPHER NOWACKI",Overhead, Events & Fees,16.40,2
"STAMPS",Overhead, Events & Fees,15.60,1
"BANK CHARGES - BANK CHARGES WIRE TRANSFER",Overhead, Events & Fees,15.00,1
"WINRED FEE",Overhead, Events & Fees,14.57,4
"RUBBER GLOVES",Overhead, Events & Fees,13.99,1
"WINRED FEES - MICHAEL SCHWARTZ",Overhead, Events & Fees,12.30,1
"WINRED FEES - NOAH BARNACZ",Overhead, Events & Fees,11.83,2
"BANK CHARGES - ELECTRONIC CONTRIBUTION FEE",Overhead, Events & Fees,10.56,12
"WINRED FEES - MEREDITH WYSIENSKI",Overhead, Events & Fees,10.25,1
"WINRED FEES",Overhead, Events & Fees,9.86,2
"WINRED FEES - ROBIN ACCETURO",Overhead, Events & Fees,9.85,1
"REIMBURSEMENT FOR X CORP PAYMENTS (3 MONTHS)",Digital,9.00,1
"BANK CHARGES - ONLINE PAYMENT CONVENIENCE",Overhead, Events & Fees,7.90,1
"WINRED FEES - FRANCESCA MUNDRICK",Overhead, Events & Fees,7.18,1
"WINRED FEES - HAMILTON TOWNSHIP REPUBLICAN",Overhead, Events & Fees,7.18,1
"WINRED FEES - MERCER GARDEN STATE FEDERATED",Overhead, Events & Fees,7.18,1
"WINRED FEES - CHRISTINE HANLON",Overhead, Events & Fees,7.18,1
"WINRED FEES - KAZ KOTLOW",Overhead, Events & Fees,6.98,2
"WINRED FEES - SHAWN HYLAND",Overhead, Events & Fees,6.90,1
"WINRED FEES - ANTHONY MIRAGLIOTTA",Overhead, Events & Fees,6.90,1
"WINRED FEES - CAMERON COYLE",Overhead, Events & Fees,6.90,1
"WINRED FEES - 3.08",Overhead, Events & Fees,6.16,2
"WINRED FEES - IHOR CZUCZUK",Overhead, Events & Fees,6.16,2
"WINRED FEES - WIN CODY",Overhead, Events & Fees,6.15,3
"WINRED FEES - MERCE COUNTY YOUNG REPUBLICANS",Overhead, Events & Fees,6.15,1
"PARKING",Overhead, Events & Fees,6.00,1
"WINRED FEES - PETER BLOK",Overhead, Events & Fees,5.13,1
"WINRED FEES - ANTONIO MEROLLI",Overhead, Events & Fees,5.13,1
"WINRED FEES - MICHAEL MCGUIRE",Overhead, Events & Fees,5.13,1
"WINRED FEES - 5.13",Overhead, Events & Fees,5.13,1
"WINRED FEES - DIANE WEISS",Overhead, Events & Fees,5.13,1
"WINRED FEES - MARCIA VANSANT",Overhead, Events & Fees,5.13,1
"WINRED FEES - BARBARA WRIGHT",Overhead, Events & Fees,5.13,1
"WINRED FEES - CYNTHIA GALLENTHIN",Overhead, Events & Fees,5.13,1
"WINRED FEES - DARREN CHELL",Overhead, Events & Fees,5.13,1
"WINRED FEES - RUTH DLLEY",Overhead, Events & Fees,5.13,1
"WINRED FEES - ZOEY WONG",Overhead, Events & Fees,5.13,1
"WINRED FEES - MICHAEL MARTUCCI",Overhead, Events & Fees,5.13,1
"WINRED FEES - SOUP MAMA",Overhead, Events & Fees,5.13,1
"WINRED FEES - NANCY CASTELINO",Overhead, Events & Fees,4.96,1
"WINRED FEES - RON LAZAR",Overhead, Events & Fees,4.93,1
"WINRED FEES - JASON CULLEN",Overhead, Events & Fees,4.93,1
"WINRED FEES -KRISTI DOYLE",Overhead, Events & Fees,4.93,1
"WINRED FEES - NICHOLAS MARTIN",Overhead, Events & Fees,4.93,1
"WINRED FEES - CONOR SWEENEY",Overhead, Events & Fees,4.93,1
"WINRED FEES - JEFFREY GRANT",Overhead, Events & Fees,4.93,1
"WINRED FEES - OWEN HENRY",Overhead, Events & Fees,4.93,1
"WINRED FEES - BENJAMIN DWORKIN",Overhead, Events & Fees,4.93,1
"WINRED FEES - LINWOOD DONELSON",Overhead, Events & Fees,4.93,1
"WINRED FEES - KATJA ABEGG",Overhead, Events & Fees,4.93,1
"WINRED FEES - 4.93",Overhead, Events & Fees,4.93,1
"WINRED FEES - LUKE REED",Overhead, Events & Fees,4.93,1
"WINRED FEES - CYNTHIA GALLENTHIN FOR CLAIRE",Overhead, Events & Fees,4.93,1
"WINRED FEES - MARK SNOW",Overhead, Events & Fees,4.10,1
"WINRED FEES - KYLE CHADWICK",Overhead, Events & Fees,3.08,1
"WINRED FEES - SYLVIA KOCSES",Overhead, Events & Fees,3.08,1
"WINRED FEES - KENNETH KIERNAN",Overhead, Events & Fees,3.08,1
"WINRED FEES - LINDA MARTIN",Overhead, Events & Fees,3.08,1
"WINRED FEES - SANTINA RAGAZZO",Overhead, Events & Fees,3.08,1
"WINRED - SUE HAVENS",Overhead, Events & Fees,3.08,1
"WINRED FEES - RICH JOHNSON",Overhead, Events & Fees,3.08,1
"WINRED FEES - MARTY FLYNN",Overhead, Events & Fees,3.08,1
"WINRED FEES - ANNA LUSTENBERG",Overhead, Events & Fees,3.08,1
"WINRED FEES - DANIEL HANLEY",Overhead, Events & Fees,3.08,1
"WINRED FEES - DEBRA CHADWICK",Overhead, Events & Fees,3.08,1
"WINRED FEES - GREGG MELE",Overhead, Events & Fees,3.08,1
"WINRED FEES - ANNE SHAW",Overhead, Events & Fees,3.08,1
"WINRED FEES - AUDREY MILLER",Overhead, Events & Fees,3.08,1
"WINRED FEES - MARCIA VANSANT FOR AL GRUPPER)",Overhead, Events & Fees,3.08,1
"WINRED FEES - DAVID MEISWINKLE",Overhead, Events & Fees,3.08,1
"WINRED FEES - BRENDAN CZUCZUK",Overhead, Events & Fees,3.08,1
"MEDIA - SOCIAL MEDIA",Digital,3.00,1
"BANK CHARGE",Overhead, Events & Fees,3.00,1
"WINRED FEES - THERESA HAHN",Overhead, Events & Fees,2.96,1
"WINRED FEES - CAROLYN PEUCKER",Overhead, Events & Fees,2.96,1
"WINRED FEES - ROBERT PLUTA",Overhead, Events & Fees,2.96,1
"WINRED FEES - LOUISE LISANSKY",Overhead, Events & Fees,2.96,1
"WINRED FEES - GINO MALONE",Overhead, Events & Fees,2.96,1
"WINRED FEES - AMBER MURAD",Overhead, Events & Fees,2.96,1
"WINRED FEES - HILARY JERSEY",Overhead, Events & Fees,2.13,2
"SALARY-TAXES-FEES - INSURANCE FEES WORKERS BALANCE",Staff & Consultants,1.00,1
"WINRED FEES - RONNIE WISE",Overhead, Events & Fees,0.14,1
"VOID OF PREVIOUSLY ISSUED CHECK #2370",Overhead, Events & Fees,-2950.00,1
